{
  "best_epoch": 1,
  "best_mAP": 0.0007272727272727272,
  "per_class@0.5": {
    "1": 0.0,
    "7": 0.007272727272727273,
    "8": 0.0,
    "9": 0.0,
    "16": 0.0
  }
}