{
  "overall_mAP": 0.88904540798259,
  "overall_per_threshold": {
    "0.50": 0.8955349231442178,
    "0.55": 0.8955349231442178,
    "0.60": 0.8955349231442178,
    "0.65": 0.887608540008652,
    "0.70": 0.887608540008652,
    "0.75": 0.887608540008652,
    "0.80": 0.887608540008652,
    "0.85": 0.887608540008652,
    "0.90": 0.887608540008652,
    "0.95": 0.878198070341333
  },
  "overall_per_class@0.5": {
    "0": 1.0,
    "1": 1.0,
    "3": 0.991778544943102,
    "4": 0.9985337243401762,
    "5": 1.0,
    "6": 1.0,
    "7": 0.9895678092399406,
    "8": 0.9965909090909093,
    "9": 0.9788782438280476,
    "10": 0.0
  },
  "per_pdf": {
    "EAF-089-2025": {
      "mAP": 0.9960613630406001,
      "n_images": 57
    },
    "EAF-477-2025": {
      "mAP": 0.8492745515123297,
      "n_images": 27
    }
  }
}