{
  "best_epoch": 3,
  "best_mAP": 0.9316130865223814,
  "per_class@0.5": {
    "0": 1.0,
    "1": 0.8545454545454547,
    "3": 0.8961258930771127,
    "4": 0.9985337243401762,
    "5": 1.0,
    "6": 1.0,
    "7": 0.9950379808870377,
    "8": 1.0,
    "9": 0.9059561128526648,
    "10": 1.0
  }
}